First Name,Surname,Address,Date of Birth
Kieran,Parkes,"77 Paige Turnpike, W6 8RF",13/06/1958
June,Kaur,"Flat 29, RH16 4EX",01/01/1984
Lawrence,Brown,"32 Jones mills, Newcastle, NE7 7DN",11/06/1964
Iain,Davies,"Studio 65, Gloucester, G51 4TF",14/10/1974
Adam,Clarke,"2 Charlie bridge, Nottingham, NG7 2UH",31/10/1962
Reece,Graham,"4 Connor Vista, BS10 5NB",13/03/1983
Lewis,Bevan,"3 Emma Viaduct, BS2 8HW",03/06/1963
Gerard,Hill,"34 Middleton islands, NR4 7UY",22/03/1992
Leah,Watson,"Flat 9, Winchester, WC1N 3JH",16/12/1963
Joanne,Cooke,"Studio 96, RH16 4EX",20/09/1998
Tracey,Gardner,"481 Craig unions, SW17 0QT",09/12/1992
Janet,Preston,"5 Leslie meadow, AB25 2ZN",14/12/1981
Jayne,Lewis,"73 Evans court, SW17 0QT",27/01/1972
Glenn,Armstrong,"8 Guy lock, Brighton B15 2GW",18/09/1986
Marcus,Harris,"441 Evans lodge, NW3 2QG",11/12/1996
Christopher,Little,"770 Parkes corner, YO31 8HE",07/12/1979
Jayne,Simpson,"Studio 70, Southampton SO16 6YD",16/01/1981
Marian,Davidson,"Studio 21Q, HP21 8AL",25/04/1997
Frederick,Mann,"1 Phillip land, HP21 8AL",11/11/1979
Max,Knight,"Studio 8, TS4 3BW",31/10/1955
Jason,Roberts,"9 Bruce Forges, B18 7QH",27/11/1960
Lawrence,Curtis,"3 Steven Cove, B18 7QH",09/09/1962
Richard,Patel,"44 Laura Tunnel, BS2 8HW",15/05/1970
Nigel,James,"3 White Stream, MK6 5LD",17/11/1975
Reece,Jones,"21 Bell Fork, BS10 5NB",20/12/1973
Maurice,Hall,"Flat 6, Plymouth, PL6 8DH",23/11/1993
Kelly,Cook,"74 Bates glen, HP21 8AL",04/04/1991
Caroline,Knight,"79 Wilkinson harbors, WC1N 3JH",12/12/1986
Sally,Nelson,"Studio 74, B18 7QH",29/06/1974
Sara,Smith,"Studio 08, B18 7QH",16/09/1983
Lesley,Yates,"Flat 7, G4 0SF",16/03/1981
Dylan,Johnston,"Studio 79, TS4 3BW",10/05/1972
Bethany,Johnston,"Flat 29Y, SE1 7EH",17/12/1978
Albert,Jones,"06 Liam Manor, B15 2GW",01/04/1999
Gregory,Lane,"Flat 13, Derby, DE22 3NE",12/08/1967
Irene,Wright,"Studio 87, NW3 2QG",11/04/1963
Chloe,Law,"14 Howard fort, EH4 2XU",15/09/1973
Mandy,White,"562 Watts wells, CB2 0QQ",17/08/1975
Lewis,Fletcher,"Flat 25, NR4 7UY",24/10/1971
Roy,Yates,"Flat 33l, M23 9LT",26/12/1980
Henry,Lewis,"36 Brown springs, MK6 5LD",14/10/1975
Eleanor,Finch,"Studio 52o, M23 9LT",13/11/1963
Simon,Webb,"Flat 12p, M23 9LT",12/09/1998
Robin,Jones,"Studio 23i, YO31 8HE",11/07/1989
Rosie,O'Connor,"Flat 4, B15 2GW",28/06/1985
Philip,Walters,"Studio 40B, W6 8RF",01/11/1998
Kieran,Ford,"Flat 19v, G51 4TF",14/08/1986
Vanessa,Brennan,"Studio 67, SE5 9RS",15/11/1966
Jasmine,Frost,"97 Edwards highway, BS2 8HW",29/08/1999
Gail,Hammond,"73 Pope field, M13 9WL",13/05/1998
Caroline,Bond,"Studio 00, B18 7QH",14/04/1982
Rebecca,Wheeler,"08 Leslie mill, NE1 4LP",31/01/1957
Rebecca,Nicholls,"Flat 5, SE1 7EH",08/06/1974
Gordon,Wright,"9 Singh drives, SE1 7EH",24/04/1988
Alexandra,Richardson,"Studio 89, EH4 2XU",30/11/1978
Geraldine,Brown,"59 Wayne gateway, M23 9LT",29/04/1973
Emma,Brooks,"Flat 12, DE22 3NE",05/06/1995
Marcus,Hart,"Flat 24, AB25 2ZN",10/08/1958
Philip,Cooper,"11 Mandy stream, HU3 2JZ",18/03/1997
Henry,Cooke,"Studio 61f, TS4 3BW",25/09/1982
Andrea,Mitchell,"6 Warren common, AB25 2ZN",01/10/1970
Simon,Middleton,"Studio 88n, M13 9WL",16/02/1992
Gordon,Mistry,"1 Bruce crossing, B18 7QH",16/02/1990
Michael,Scott,"Studio 8, EH4 2XU",19/05/1986
Leigh,Lynch,"Studio 30R, G4 0SF",29/10/1992
Victor,Evans,"Flat 97, NR4 7UY",01/03/1965
Craig,Green,"58 Cooper springs, AB25 2ZN",16/12/1959
Jessica,Brown,"Studio 6, DE22 3NE",28/02/1963
Paige,Thomas,"2 Sullivan vista, OX3 9DU",01/07/1993
Vincent,Saunders,"479 Butler place, OX3 9DU",22/05/1956
Ben,Cook,"03 White green, YO31 8HE",18/11/1994
Sheila,Gardiner,"3 Colin courts, LS1 3EX",06/11/1974
Abigail,Gardiner,"12 Lee flats, EH4 2XU",29/01/1966
Lucy,Norris,"Studio 86a, B18 7QH",03/05/1977
Claire,Cross,"Studio 80H, CB2 0QQ",30/10/1974
Jasmine,Williams,"83 Walker bypass, M23 9LT",13/08/1967
Lynn,Collier,"Studio 26k, CB2 0QQ",10/08/1977
Julie,Smith,"Flat 27h, RH16 4EX",23/01/1991
Tracey,Robson,"Flat 6, EH4 2XU",14/08/1956
Philip,Stephenson,"Flat 47a, BS2 8HW",01/10/1971
Carl,James,"9 Jennings creek, DD2 1SY",14/08/1983
Paige,Barker,"00 Antony junctions, B15 2GW",04/07/1966
Arthur,Morris,"Studio 24, LS1 3EX",18/11/1986
Raymond,Green,"Flat 1, E1 1BB",28/11/1987
Rita,Smith,"420 Connolly station, Leicester, LS1 3EX",24/01/1995
Sandra,Pearson,"37 Toby trafficway, WC1N 3JH",02/04/1966
Bryan,Jones,"Flat 71L, E1 1BB",24/07/1955
Janice,Reid,"085 Claire Loop, Milton Keynes, MK6 5LD",10/06/1986
Gerard,Ali,"1 Lewis key, Nottingham NG7 2UH",17/07/1984
Lisa,Bennett,"Flat 02, Headlingley Road, Leeds, LS1 3EX",05/03/1969
Richard,Sanders,"980 Timothy lane, SO16 6YD",28/04/1981
Melissa,Perkins,"406 Beth trail, W6 8RF",02/06/1975
Debra,Griffiths,"83 Kathleen locks, CB2 0QQ",02/11/1961
Eileen,Hewitt,"9 Liam via, BN2 5BE",05/04/1996
Georgia,Barlow,"1 Megan branch, SW17 0QT",06/02/1983
Lauren,White,"39 Thompson plaza, DD2 1SY",19/03/1985
Maurice,Roberts,"Studio 82B, DD2 1SY",09/10/1961
Charles,Bradley,"Flat 15, NW3 2QG",31/05/1981
Stuart,Kemp,"Flat 1, Evans Road, Southampton SO16 6YD",06/08/1997
Rachel,Parkinson,"714 Ford Prairie, AB25 2ZN",31/07/1958
