FirstName,LastName,DateOfBirth,Address,DoctorID
Ruth,Griffiths,06-06-71,"1 Marie manors, North Colinborough, B83 3TY",1
Maurice,White,21-04-63,"6 Sarah vista, Rachaelview, W8 6DX",2
Alex,Campbell,26-03-40,"Flat 3, Jessica harbors, Woodsstad, N53 1ZG",3
Jessica,Dixon,21-11-63,"0 Alexander circles, New Guy, W67 4FJ",4
Fiona,Rowe,10-05-88,"8 Green causeway, East Teresaburgh, KW9B 6ZT",5
Gail,Atkinson,24-04-70,"62 Harper stravenue, Donnaburgh, E4W 2QG",6
Brandon,Jones,22-03-49,"Flat 03, Graham street, Sharpside, G78 4WZ",7
Graeme,Matthews,26-10-84,"Flat 3, Philip junction, New Andreabury, L0B 3DB",8
Frank,White,24-01-00,"997 Elaine valley, Batesville, KY5P 7BE",9
Frederick,Bates,26-12-06,"24 Smith club, Mannside, B8 1JG",10
Joanne,Poole,28-05-56,"47 Davison street, Nashport, B98 5BB",11
Charles,George,11-02-03,"9 Frances wall, South Trevor, L9K 9DS",12
Guy,Hudson,18-10-61,"62 Murphy terrace, North Clareshire, E8 8LF",13
Glen,Fraser,04-03-75,"Studio 12q, Kenneth summit, West Lawrence, L5D 8UL",14
Martyn,Thomas,25-05-79,"Flat 78, Moore creek, Lake Kieranside, N9 6FB",15
Rhys,Richardson,27-12-47,"Studio 23, Edward loop, East Brettchester, WN3M 1RB",16
Kelly,Stone,21-12-64,"365 Taylor trail, Brucehaven, SK85 1LG",17
Jodie,Williams,08-09-76,"93 Thomas mews, New Shannonborough, KY1 9PE",18
Dorothy,Miles,06-10-88,"6 Davies extensions, Carolside, M4 6YZ",19
Angela,Davies,27-07-03,"148 Green terrace, Lake Dylan, L20 3UZ",20
Harriet,Allen,04-04-86,"Flat 20, Diane forges, Port Bethan, W0J 1TF",21
Marilyn,Stephens,26-03-94,"Flat 77, Mitchell ville, Mariafort, EC4R 4JL",22
Ashley,Hayes,16-02-86,"6 Butcher mountain, Farmerchester, ZE90 7AQ",23
Janice,Roberts,06-01-64,"67 Janet junction, Woodmouth, B69 1SF",24
Elliot,Lamb,21-10-62,"Flat 64W, Smith common, Brownside, N3 0AJ",25
Shane,Clarke,26-07-49,"Studio 45k, Ben inlet, New Richardport, S6T 1YJ",26
Anna,Gill,02-04-81,"Flat 8, Brown manor, Webbstad, YO7Y 6GW",27
Pamela,Hall,12-07-70,"4 Smith mountain, Holtfort, DE7 5LP",28
Mark,Lewis,01-01-60,"678 Hollie mountains, Parkintown, M3 3NY",29
Leigh,Field,07-01-79,"Flat 44o, Alex island, Lake Paulaburgh, L74 1HN",30
Stephen,Walters,24-03-51,"8 Harrison crossroad, Webbtown, M7H 5GB",31
Joanne,Hughes,17-04-41,"413 Nicole track, Butlerbury, S7H 9SN",32
Nigel,May,12-04-62,"Studio 12p, Lynn club, North Michelle, SM97 0JN",33
Joyce,Barnes,02-01-70,"Flat 8, Eileen drive, Patrickland, G4 7ET",34
Donna,Powell,30-07-93,"59 Payne forks, Port Ellieview, B2H 4GY",35
Damien,Miles,10-09-77,"67 Adams locks, South Craigmouth, HG1 8AX",36
Maureen,Evans,04-11-01,"4 Gerard mill, O'Neillbury, CW4V 8SD",37
Eileen,Lee,29-10-01,"Studio 7, Smith plaza, South Karl, G1E 5WL",38
Kate,Jackson,21-08-00,"Studio 75, Fisher plains, Murphymouth, L96 6BP",39
Cheryl,James,13-09-54,"8 Taylor well, Spencermouth, G6 1UL",40
Hugh,Davis,16-08-06,"Studio 78c, Damian roads, Julianland, CB17 4AB",41
Karen,Crawford,27-03-67,"2 Kathryn ways, Bibibury, PA23 4TL",42
Sian,Kaur,19-01-44,"Studio 46, Murphy hollow, South Pamela, L6 9NN",43
Anna,Taylor,03-09-40,"Flat 95, Heather field, Josephineberg, CB0M 0YQ",44
Toby,Morris,26-11-57,"588 Burke glens, Morganport, WR5B 1FJ",45
George,Pearson,22-11-35,"54 Fuller landing, Lake Donaldfort, N9 1TN",46
Jordan,Harding,04-06-75,"3 Charlotte motorway, Vanessaside, PE26 7ZS",47
Louise,Williams,18-02-66,"585 Patricia harbor, North Sandra, L9 0PJ",48
Andrea,Martin,22-05-63,"Flat 90, Taylor drive, New Tony, E02 5JY",49
Lee,Clarke,17-04-91,"75 Alison parkway, New Samuel, TN8M 0BU",50
Abigail,Edwards,14-05-94,"92 Malcolm harbor, Margarethaven, LE8 1EX",51
Julian,Ali,20-09-95,"Studio 15B, King landing, Lake Elaine, E1 6EQ",52
Kate,Andrews,11-11-78,"Flat 60s, Parsons ports, East Sylvia, DT15 1LY",53
Jayne,Davies,28-07-37,"4 Woodward keys, East Garethshire, JE1E 1WH",54
Charles,Middleton,23-02-78,"2 Frances common, Angelachester, PL76 3WE",55
Josephine,Davies,24-03-00,"6 Thomas ford, Phillipberg, GY5 0US",56
Geraldine,Wilson,14-03-82,"Studio 06b, Woodward wall, Beverleychester, S6E 6AP",57
Craig,Williams,28-05-48,"Studio 68, Hannah ways, Declanbury, TF2 8EW",58
Leah,Sharp,25-02-66,"32 Abbie club, Port Teresa, LL99 9ZP",59
Joseph,Jones,19-03-75,"81 Hall camp, West Mitchellland, WN1W 7YX",60
Naomi,Kay,24-09-98,"15 Leanne rue, North Louis, LA7V 5QN",61
Lee,Pearson,18-07-79,"Flat 8, Abbott stream, West Jonathan, G5E 2ZD",62
Scott,Davies,22-08-05,"Studio 50, Herbert forest, Danielleborough, G21 1WX",63
Marian,Clarke,08-04-85,"9 Jennifer cape, Hargreavesbury, PO47 8JN",64
Josephine,May,18-12-93,"Studio 8, Morgan viaduct, Port Rachael, M07 8EW",65
Shaun,Sharpe,12-11-03,"Flat 3, Young burg, Manninghaven, EC6 5JA",66
Ashley,Thomas,19-04-98,"Studio 9, Jason brook, Robinberg, S1U 3NE",67
Clare,Collins,09-01-02,"246 Jayne knoll, New Helen, E85 8XW",68
Janet,Wong,04-12-39,"Flat 05Y, Leigh garden, Port Kimberleymouth, B58 2TU",69
Clare,Sims,08-06-61,"5 Lewis via, Smithborough, HU0 4EQ",70
Declan,Simpson,13-07-01,"Studio 41, Ferguson rapids, New Billy, CF1 4NT",71
Bruce,Williams,24-12-81,"Studio 01Q, Evans unions, North Gareth, W0C 3QQ",72
Carl,Davies,26-06-84,"Flat 9, Melanie lakes, McLeanview, E02 8RX",73
Allan,Turner,12-11-72,"2 Alison extensions, Turnermouth, HS1V 4GG",74
Adrian,Robinson,24-11-52,"Flat 5, Jones plaza, New Nicholas, M6 8SS",75
Elliott,Graham,29-03-95,"Flat 89, Callum meadows, Port Harryhaven, M22 3QW",76
Heather,Andrews,09-05-71,"Studio 81, Jenna prairie, East Katy, N9A 1BY",77
Marian,Dawson,12-10-01,"Studio 3, Jordan cliffs, East Chloechester, LL35 5PQ",78
Chelsea,Whitehouse,24-11-66,"73 Lewis causeway, Jacquelinechester, G59 3GU",79
Jean,Brown,09-07-87,"9 Parker haven, Andersonfort, NN0 6FL",80
Jordan,Matthews,28-06-60,"Flat 6, Miller harbors, East Lewisfurt, TQ5 2HZ",81
Jordan,Thomas,29-04-79,"Flat 98, Toby ridge, Benfurt, M9F 9NU",82
Ellie,Griffiths,09-09-90,"749 Lee prairie, Thompsonfurt, L09 3AT",83
Hollie,Martin,18-04-02,"283 Turner neck, Sinclairburgh, NN58 4ZU",84
Joel,Wilson,03-07-74,"757 Moore underpass, Gerardville, S6W 2NB",85
Abbie,Smith,15-03-99,"484 Raymond ridges, East Adam, ZE8H 0ES",86
Christopher,Arnold,30-06-55,"Studio 3, Potter rue, Port Craigshire, B26 0RU",87
Joel,Pearce,07-08-48,"Studio 8, Gregory dale, Sharpeville, CW7 2AP",88
Clive,Morrison,09-03-89,"Flat 6, Jeffrey dam, Turnbullbury, M6 7LP",89
Elliot,Lambert,27-02-66,"42 Vincent squares, Hollieville, GY5W 3FU",90
Elizabeth,Campbell,28-01-98,"918 Hill lake, New Nathanton, L9J 2PW",91
Wendy,Green,17-06-03,"28 Murphy centers, Daviesport, BA6M 3YD",92
Joanna,Turner,23-05-43,"62 Jemma stream, Patelfurt, WR66 8FQ",93
Debra,Clarke,21-04-64,"78 Kent view, East Kelly, CV4 1BS",94
Joseph,Spencer,27-07-38,"0 Williams plains, Port William, M39 9ZP",95
Ross,Ali,12-06-71,"687 Leigh row, Thorntonmouth, KT6E 6GX",96
Lindsey,Connor,06-01-97,"Studio 8, Charlotte gardens, Dennismouth, BT7N 8HB",97
Simon,Wong,10-08-59,"Flat 54, Phillip field, Lake Catherinebury, PL3P 8PN",98
Mohammad,Smith,17-10-03,"Flat 7, Austin land, Amyton, L2A 8YY",99
Dominic,Sheppard,10-09-85,"Studio 54, Morgan row, Hallstad, G87 8BW",100
Amy,Khan,30-06-65,"3 Patel river, Slatertown, S0 8LX",1
Antony,Dean,08-02-47,"9 Sharp grove, Hooperfurt, OL33 1BD",2
Alice,George,14-04-35,"65 Debra canyon, East Hazel, W4A 4XY",3
Andrew,Hunt,15-08-53,"29 Kirsty village, Daviesside, IP2 8QB",4
Maurice,Butler,28-12-87,"477 Susan plaza, Williamsshire, IM1W 3DD",5
Janet,Saunders,01-07-48,"75 Warner corners, South Lucy, S1A 5XD",6
James,Harris,11-10-86,"826 Bradley grove, Maxfort, E26 6NU",7
Louis,Atkinson,23-06-01,"Flat 2, Bailey locks, Jasminefurt, LA5 9FN",8
Terry,Williamson,13-03-88,"Studio 79Y, Victor lane, Lisastad, L9 8AT",9
Hazel,Rees,06-09-89,"434 Mary turnpike, Fordfort, S8J 8BQ",10
Raymond,Hilton,25-04-82,"656 Mark courts, Rosshaven, NE8W 7QR",11
Leigh,Turner,14-09-99,"Studio 1, Patrick keys, Glennmouth, W57 7TP",12
Daniel,Baker,18-11-48,"282 Moore mountain, Port Carol, DE2X 6AZ",13
Anne,McCarthy,26-03-63,"Studio 19g, Claire islands, South Geoffrey, SG7 9RZ",14
Jay,Brady,24-06-57,"251 Stewart crescent, West Annette, S69 9RS",15
Suzanne,Thompson,23-04-73,"79 Sarah branch, Khanfurt, W6S 6TU",16
Gerald,Harris,29-05-71,"Flat 79, Parry creek, West Paigestad, B7J 6EJ",17
Damien,Taylor,01-11-45,"3 Taylor ridge, Thompsonberg, L09 8LZ",18
Gregory,Allen,04-01-04,"04 Rita way, East Jacob, HG3X 7FY",19
Alison,Tucker,01-09-46,"Studio 57F, Jackson ways, Lake Clarestad, S3 3UL",20
Melissa,Clarke,20-01-00,"1 Brown walks, South Caroline, S3 4GL",21
Christine,King,11-07-56,"Studio 43B, Geraldine court, East Lesleyland, L87 0PE",22
Steven,Wilson,26-02-46,"54 Margaret trail, Lake Sian, E89 9GT",23
Amber,Holmes,26-07-63,"1 Parsons meadow, Bradleybury, RM1 8ZZ",24
Katy,Hawkins,16-12-61,"Flat 03F, Clark parks, New Jamesstad, CO6 5XG",25
Kate,Townsend,06-09-69,"6 Johnson parkway, Davisonfurt, G4 4DW",26
Deborah,Grant,30-12-42,"Studio 30p, Tracy crescent, Blackburnton, SG2 0FA",27
Georgia,Gill,13-04-69,"Flat 41, Albert valley, Dixonland, SP9 7TW",28
Mohammed,Owen,19-09-68,"8 Samuel walks, East Jordanfort, IP2 0XS",29
Stanley,Dixon,06-08-44,"023 Joanne cliff, Taylorport, CA8 0QH",30
Norman,Hall,22-02-01,"0 Jennings plains, Heathertown, AB6 1HW",31
Patrick,Ellis,29-08-46,"657 Kimberley court, Lake Lisa, B6 3NL",32
Elliott,Price,16-10-65,"9 Dean coves, South Natalie, KA1 3TN",33
Charles,Mann,27-05-75,"21 Susan locks, Lake Cliffordview, B67 1TE",34
Benjamin,Burke,02-04-64,"51 Bell club, North Joemouth, E51 7BG",35
Robert,Cooper,25-01-92,"Flat 24, Williams drive, New Jasminebury, GY7P 0DL",36
Carly,Young,24-07-05,"57 Ward port, Charlotteview, B59 0LB",37
Fiona,Watkins,21-09-55,"348 Gerald ports, Evansburgh, L95 9AQ",38
Roy,Lee,27-12-00,"01 Donald rapids, North Kerry, AB59 2PG",39
Sean,Grant,11-04-53,"Flat 5, Grant junction, Brandonberg, S75 8ZQ",40
Mohammad,Hunter,30-01-74,"096 Justin rapids, Mollybury, OL1R 5DJ",41
Lindsey,Davies,11-09-79,"33 Bruce glens, Lake Davidton, LA62 7RQ",42
Melissa,Horton,12-09-64,"Flat 0, Brown green, North Glennburgh, CW18 5ZZ",43
Lynda,Ball,19-05-55,"33 Harrison stravenue, Ireneport, EC1 6YX",44
Rebecca,Harper,04-12-45,"Flat 10, Ronald route, Jonathanfort, M6 7LD",45
Lauren,Young,10-04-84,"Flat 4, Hall fork, Lynneton, E15 9JX",46
Paula,Holmes,15-08-98,"Flat 16T, Stephanie ports, North Lucy, G33 0SD",47
Marilyn,Smith,13-02-43,"Studio 68, Baxter pike, Belltown, PR9V 1SF",48
Oliver,Bennett,29-09-47,"Studio 4, Waters ports, Thomasview, CT99 0RP",49
Max,Bartlett,01-10-36,"Flat 47S, Julian dale, Angelamouth, SS6 3TH",50
Karen,Perry,16-02-04,"86 Judith port, East Alexborough, L0 0QH",51
Patricia,Woods,09-11-50,"79 Williamson ways, Foxstad, CW4 4AR",52
Ross,Miah,18-02-62,"Studio 00, Walker rue, New John, M94 6RQ",53
Josh,Davies,19-01-88,"589 Burns coves, Collinsview, HG4M 3FW",54
Sophie,Benson,15-01-53,"Flat 46z, Pratt prairie, West Ross, NN7X 8NG",55
Lewis,Jones,14-03-69,"Studio 13w, Mohammad manor, Christineview, M7W 7BY",56
Gordon,Knight,10-12-85,"Flat 2, Marc junctions, Scottmouth, N21 5GP",57
Henry,Kelly,11-12-56,"Flat 2, Parkinson lodge, Arnoldfurt, B8 5AP",58
Sian,Burgess,12-11-67,"Flat 21y, Thompson view, West Gregorymouth, NE9V 6FP",59
Sophie,Brown,12-07-64,"098 Harry lakes, South Ruthview, B9A 0BE",60
Lorraine,Smith,02-11-54,"61 Johnson squares, South Stuart, E4B 7HZ",61
Sarah,Campbell,12-03-74,"737 Henry bridge, North Marionfort, E81 4JT",62
Oliver,Bradley,14-05-39,"Studio 56V, Neil vista, North Ashleyburgh, HU7 1QP",63
Caroline,Dixon,30-06-86,"Studio 21i, Sam cove, Walkerfort, W2K 5ZA",64
Nathan,Shah,22-12-93,"50 Aimee well, Maureenhaven, SN9B 3UQ",65
Molly,Holloway,10-05-55,"Flat 17, Smith harbors, New Francisside, IM6H 7TY",66
Guy,Iqbal,09-09-01,"60 George turnpike, Natashaside, W55 3TP",67
Sylvia,Evans,03-08-95,"305 Burke union, Lorrainehaven, SN1 2UF",68
Kathryn,Chapman,07-06-50,"35 Elizabeth cape, Port Barbaramouth, PE8E 0WB",69
Natasha,Porter,11-02-58,"6 Pollard lights, Robinsonbury, IV5 7FF",70
Rita,French,20-09-76,"9 Holmes spring, Lake Francesca, N15 9YS",71
James,Norris,09-06-37,"0 Vincent terrace, West Jill, CT0 3XB",72
Frances,Cox,11-07-64,"406 Fletcher turnpike, Lynnton, M3 3QY",73
Billy,Patterson,18-02-44,"816 Anne harbors, Callumburgh, M0F 2BF",74
Irene,Hodgson,25-09-82,"Studio 32, Leanne estate, Freemanfurt, N3 5PQ",75
Alice,Turner,13-03-35,"Studio 3, Simon springs, Margaretville, EN84 8QW",76
Samuel,Doyle,13-03-60,"2 Kayleigh circles, Lake Harriet, S13 1FA",77
Liam,Holloway,13-04-68,"66 Yates meadows, Andrewfurt, CM8A 9BD",78
Joyce,Atkins,09-10-45,"Studio 6, Elaine estate, East Deborah, M2E 0XX",79
Marion,Anderson,01-08-45,"536 Shaun ferry, New Howard, E29 8TX",80
Nigel,Chapman,21-04-00,"Flat 31, Bibi fields, Daniellemouth, PO4 9YQ",81
Christopher,Webster,24-02-64,"Flat 25E, Williams trail, Hollyside, G9 4FX",82
Jack,Baker,30-03-38,"8 Dunn plains, Lambertberg, IV3 2TW",83
Stephanie,Boyle,05-07-66,"22 Pamela knolls, East Hollybury, M5 0HW",84
Sandra,Wallace,06-06-39,"844 Nicola shoal, Owenland, M6D 5QU",85
Donna,Wallace,13-11-93,"8 Kelly ferry, West Mandy, TW1X 6PE",86
Marie,Wade,02-12-89,"2 Aaron roads, New Seanton, M28 9YA",87
Lucy,Jenkins,27-02-98,"6 Carole view, New Katy, M2T 7ZY",88
Wayne,Griffiths,15-07-61,"127 Stacey parkway, North Hayleyberg, B6J 5BW",89
Bruce,Wright,19-04-47,"73 Glen rapid, Smithtown, SW0W 8AR",90
Linda,Dean,27-12-91,"Studio 69, Blackburn springs, Mitchellchester, W2F 4NY",91
Bernard,Williams,07-01-56,"658 Shaun loaf, Port Georgeberg, PH61 4JQ",92
Joanne,Flynn,27-11-04,"7 Boyle vista, Gordonton, L9C 5JA",93
Jay,Davies,07-03-89,"118 Wood points, Denisview, L76 4GS",94
Stephanie,Harris,03-12-49,"Studio 76K, Moran throughway, Claremouth, B7B 1RJ",95
Jay,Lewis,28-04-35,"16 Wallis fall, Sinclairborough, M2T 7HJ",96
Bernard,Howell,25-12-67,"1 Sian shore, Flynnside, W5 7YL",97
Patricia,Morton,15-06-51,"Studio 8, Stephanie key, Taylorburgh, CM87 0AH",98
Linda,Osborne,05-05-69,"Flat 47, Owen parks, Kellystad, WF6 7GY",99
Mathew,Roberts,27-10-92,"2 Nelson fall, Knighthaven, N7E 8YB",100
Robin,Bradley,08-11-98,"Studio 54x, Moore valleys, Leightown, CM59 9YX",1
Ellie,Dennis,29-10-94,"Studio 47, Mohammed route, Emilyshire, WD11 5JP",2
Leah,Byrne,20-07-94,"Studio 2, Daniel crossroad, Lake Tony, SN1H 6EE",3
Richard,Welch,24-04-05,"92 Abbie loaf, Bernardbury, GL7X 2WG",4
Alice,Jones,27-01-71,"829 Yates roads, Norrisside, HS7 1TN",5
Leon,Boyle,22-03-05,"Flat 78a, May neck, Johnchester, PH3 8QH",6
Frederick,Humphries,15-01-87,"16 Georgia track, Glenside, KA3 2FN",7
Abdul,Harrison,16-12-00,"Flat 2, Eleanor brooks, North Lawrence, CO7 3DF",8
Emily,Webster,30-10-01,"Studio 05f, William grove, Hammondfort, L46 1JR",9
Joe,Hall,14-10-46,"Studio 4, Steele stream, Lake Georginahaven, M7 3QB",10
Ashleigh,Williams,19-01-36,"Studio 16, John canyon, Holmesberg, TD1 2UD",11
Darren,Evans,12-12-54,"35 Nelson mill, North Charlene, HU24 7TX",12
Kirsty,Birch,25-04-81,"Flat 98k, Melanie drives, Doyleview, N7A 2AZ",13
Danny,Atkinson,26-09-86,"Studio 29, Stanley row, Jamieville, E0W 2BH",14
Ryan,Bradshaw,20-11-86,"Flat 5, Lynda stravenue, North Gavinfort, W0 8SQ",15
Debra,Thomas,31-07-43,"8 Oliver stream, New Emma, L83 8XS",16
Frances,Hale,15-02-92,"8 Lowe shoals, New Grace, HU58 5SS",17
Lynne,Kaur,16-01-85,"Studio 7, Savage bypass, Jodietown, G4A 3HP",18
Suzanne,Tyler,20-01-55,"52 Arthur lakes, East Douglas, CA9 9HD",19
Holly,Mason,23-12-46,"961 Albert keys, Fletcherville, B60 8BP",20
Stephanie,Harrison,06-11-54,"Studio 9, Ross meadows, Lisaberg, N17 8RL",21
Amelia,Clarke,09-05-52,"69 Chelsea ridges, East Steven, TF6 9DE",22
Damien,Bates,20-11-80,"Flat 59, Johnson mill, Port Donaldborough, IG2Y 1BJ",23
Glenn,Faulkner,21-02-49,"Studio 0, Kelly plain, East Janice, M8H 0RY",24
Ronald,Howard,24-04-61,"01 Benson shore, Raymondtown, WR6 6WE",25
Craig,Birch,19-02-02,"3 Shepherd lock, North Denis, HU5X 3WL",26
Robert,Curtis,18-02-72,"62 Margaret pike, South Cameron, G6E 7XF",27
Lydia,Roberts,17-10-52,"29 Elliott cliff, East Elliottberg, BB5P 4TL",28
Jeffrey,Payne,26-04-70,"0 Hooper tunnel, Macdonaldfort, SA5E 7UF",29
Michelle,Miller,16-01-36,"Flat 33, Edward mill, Holmesmouth, S60 5RZ",30
Judith,Hart,29-03-39,"Studio 0, Maureen plain, Robinsonton, S8U 3NT",31
Mohammed,Oliver,03-06-41,"Studio 71U, Jeremy tunnel, South Amy, LD0 7YH",32
Brandon,Marshall,26-04-56,"7 Cunningham station, Woodhaven, G6J 0GP",33
Antony,Hilton,24-12-40,"Flat 74O, Terence curve, North Brenda, AL7 7XA",34
Joan,Knowles,02-10-95,"Flat 9, Duncan plaza, Jasmineside, B22 5BF",35
Joel,Fry,07-12-45,"22 Talbot square, South Rosemary, BD1 5QR",36
Gary,Harris,23-04-52,"Flat 86H, Bethan fords, North Alexandrahaven, W9 6ZP",37
Owen,Bennett,23-07-01,"Flat 93, Robinson alley, North Natalieville, WD3W 6BP",38
Ruth,Lawson,29-04-72,"48 Perkins crescent, Mauricefurt, OL9A 3PP",39
Leah,Kirk,23-02-55,"Studio 6, Maria hills, Suzanneside, L9 5DF",40
Kayleigh,Wilkinson,02-08-56,"145 Abdul loop, South Frankstad, WA43 2EQ",41
Louise,Lowe,09-09-99,"78 Russell divide, Port Georgiaberg, B76 0NB",42
Jade,Gregory,12-01-48,"435 Alex heights, Staceymouth, SG14 2LE",43
Timothy,Martin,04-09-81,"Flat 49, Ronald cliffs, Mollymouth, W0C 7BE",44
Deborah,Gardner,04-09-94,"Flat 38f, Swift course, Gibsonport, RM7R 3FZ",45
Beth,Bell,15-12-78,"Studio 0, Alice creek, Catherinemouth, M59 8ER",46
Francesca,Hammond,12-02-75,"Studio 63, Lorraine estate, Coopermouth, S69 8JG",47
Geoffrey,Wright,31-12-96,"24 Rees coves, Millston, L2 2FT",48
Melissa,Williams,27-12-61,"Studio 46, Scott prairie, New Denisefurt, M05 0XQ",49
Ann,Campbell,29-08-87,"Studio 6, Kaur shore, South Bradley, S56 4FF",50
Holly,Moss,23-06-52,"679 Johnson motorway, Fishermouth, HU32 9AY",51
Victoria,Bennett,11-12-83,"751 Hunt common, Lake Kerry, LL8 8ZD",52
Rosemary,Webster,07-03-41,"78 Allen isle, Ingramport, DA0 9LB",53
Marion,Barnett,15-09-73,"Studio 1, Leanne club, Howardberg, M4W 0EZ",54
Lauren,Mann,21-07-69,"Flat 80, Robinson drive, Port Olivia, TD63 2HY",55
Connor,Barnett,24-02-97,"Flat 78o, Richardson loaf, Smithhaven, AL47 5WB",56
Kathryn,Bell,05-02-71,"Flat 14P, Hall spring, Lake Ellie, L8F 5XA",57
Victoria,Gibson,21-02-48,"Flat 44, Joshua burg, North Marilynborough, E1B 6YG",58
Jade,Benson,20-04-44,"Studio 5, Wade cliffs, Benjaminfurt, HP04 2TD",59
Antony,Berry,03-10-48,"Flat 91, Edwards cove, North Stevenshire, EN7A 2AB",60
Beth,Sheppard,05-04-87,"Studio 6, Watts tunnel, New Erictown, SM71 5NR",61
Maurice,Francis,21-07-96,"8 Jacqueline shore, West Bethan, YO15 1TH",62
Jenna,Smith,28-11-86,"Studio 8, Morgan brook, West Williammouth, BH6B 8TX",63
Alan,Newman,15-07-00,"Studio 03, Stephen extensions, West Lewismouth, G9B 1UZ",64
Reece,Pickering,16-09-88,"982 Lee underpass, Port Jordan, G5B 4FS",65
Jennifer,Smith,16-07-39,"962 Holly common, North Antonyland, SA9M 7FH",66
Victoria,Smith,02-10-57,"791 Godfrey avenue, East Terence, E9F 7HL",67
Lydia,Watts,26-07-98,"0 Leah lakes, Rhyschester, HP9 0EB",68
Danielle,Lewis,23-08-43,"Studio 95, Ryan springs, Bernardville, DY1 6HR",69
Danielle,Holloway,26-04-93,"726 Khan stravenue, Lake Sarah, DH5 0YB",70
Clare,Fletcher,04-10-80,"Studio 29, Melissa plaza, North Victoria, W3K 7LA",71
Toby,Williams,07-04-64,"00 Hunter parkways, South Melaniefurt, TS17 3DX",72
Wayne,Evans,14-07-66,"42 Taylor summit, South Gillianberg, JE2N 0DR",73
Bryan,Pickering,19-09-70,"508 Gregory creek, Owenton, HX2 8HF",74
Francesca,Jones,20-07-62,"Flat 48R, White circles, Leighmouth, MK81 8XN",75
Roy,Norman,25-04-96,"24 Raymond expressway, Nathanberg, CV38 4SX",76
Louise,Rahman,02-12-36,"0 Maria rue, Victoriashire, SA5 9WX",77
Wayne,Sutton,17-09-75,"Flat 75, Moran causeway, West Glen, DA92 2GF",78
Elliott,Allen,01-01-94,"Flat 38, Rosie island, Seanstad, NP28 1AR",79
Dean,Burgess,21-01-03,"Studio 4, Anna stream, Cookville, LS0E 4AR",80
Colin,Rose,22-07-60,"Flat 01, Davies corners, Chamberlainmouth, B5G 6QR",81
Bruce,Brookes,22-08-94,"767 O'Brien stream, Briggschester, E23 7WP",82
Thomas,Bolton,14-03-71,"792 Christian village, Harrisfort, M9 7XT",83
Marcus,Hodgson,24-04-98,"Studio 2, Walker rue, North Trevor, ME1 9UY",84
Karen,Lewis,21-05-36,"025 Shaw dale, Benton, HX6 0NN",85
Teresa,Akhtar,11-11-46,"Flat 44R, Green prairie, Garethtown, M57 5GE",86
Roy,James,16-07-05,"Studio 1, Wayne brook, Godfreystad, W98 2NA",87
Annette,Sanders,01-11-64,"2 Diane spurs, North Jackfort, BH31 8YB",88
Gary,Atkins,25-05-35,"393 Vanessa keys, North Jacobview, N5C 8YD",89
Charlie,Edwards,11-05-72,"138 Owen radial, South Ellie, G5 6HW",90
Harry,Hall,24-09-04,"Flat 48U, Jake islands, Clarkport, PH47 8SN",91
Alice,Singh,03-01-84,"716 Norris springs, North Garethfurt, SM91 1QH",92
Adrian,Barnes,20-10-91,"Studio 99r, Evans shores, Scotthaven, CT7 1LU",93
Nigel,Rahman,14-04-43,"6 Gould road, Port Martinhaven, TQ73 7UW",94
Janice,Brown,19-04-38,"75 Williams camp, East Nicoleport, DA7P 4RU",95
Katy,Naylor,09-12-97,"064 Wright lane, Glenmouth, B9 2QQ",96
Jessica,Gibson,21-12-80,"Flat 03p, Eileen inlet, Lake Garyport, N2 8PB",97
Emily,Phillips,03-12-97,"Studio 9, Stanley courts, Spencerborough, ME8 2ZN",98
Heather,Baker,01-04-44,"Flat 04K, Roberts road, Lake Rosemaryville, N4B 6HQ",99
Clifford,Williams,23-08-76,"Studio 4, Davies plaza, North Teresa, NE2W 3TL",100
Anna,Wood,23-02-42,"Studio 2, Derek summit, Tracychester, WN1 6LN",1
Damian,Stevenson,15-06-49,"3 Hall points, Oliverton, G42 4LX",2
William,Taylor,03-06-45,"Flat 6, Davies course, Hewittberg, E98 8YW",3
Grace,Blake,26-08-76,"Studio 36n, Kenneth extensions, West Chloe, EN90 8QE",4
Jill,Smith,19-10-71,"Studio 5, Brown rest, Port Cherylton, TN3M 4QE",5
John,Walker,25-06-87,"Flat 3, Kelly estates, Mistrychester, M1 7SP",6
Amelia,Smith,12-01-43,"Studio 85, Booth track, Lake Jemmaburgh, LA2A 3NP",7
Frederick,Lewis,14-09-51,"Studio 7, Elliot extensions, Lawrenceborough, S5 6RY",8
Eileen,Blackburn,15-02-65,"Flat 42, Joanne river, Fosterberg, N2 0WS",9
Francis,Edwards,07-12-59,"Studio 76i, Baxter rapid, Port Lawrence, SK3P 6FA",10
Barbara,Walker,21-04-84,"7 Brandon square, Holmesfurt, KW9M 1XB",11
Owen,Turner,11-03-40,"Studio 96, Stewart skyway, Wayneside, G4 8UP",12
Elliott,Ellis,02-12-92,"Flat 5, Scott parks, Rebeccachester, ZE4 8PS",13
Suzanne,Davis,18-11-93,"0 Justin camp, Smithmouth, CH70 5XU",14
Harry,Stone,22-09-61,"8 Moore shore, New Christopher, G6B 7EP",15
Karen,Wright,07-06-48,"1 Holden shoals, Priceview, B5A 5YF",16
William,Reid,27-11-85,"Flat 23X, Archer walk, East Charlotte, GL21 7SN",17
Rosie,Green,04-01-84,"Studio 6, Phillips rapid, Greenchester, PO2 6DB",18
Eileen,Holmes,07-02-55,"76 Lesley hills, East Lydia, WC3 4YB",19
Raymond,Dennis,18-03-90,"Studio 94w, Grant trafficway, North Irenemouth, G60 6NP",20
Arthur,Cook,23-06-59,"9 Carr coves, Wilkinsontown, CH02 7RZ",21
Amber,Evans,04-10-87,"2 Karl creek, Lake Roytown, W23 8HD",22
Mary,Brown,09-08-56,"Studio 7, Barbara prairie, East Billy, S0F 1SS",23
Andrea,Watkins,14-01-39,"Studio 8, Barnes circle, South Melissamouth, E4S 7EU",24
Michael,Wade,27-02-60,"Studio 3, Kate spur, Mandymouth, M66 7GZ",25
Callum,Lord,10-04-55,"74 Rhys point, North Sarahview, SK2 8BD",26
Julian,O'Neill,30-06-64,"Flat 50X, Wheeler walk, Lake Adammouth, WC11 8BW",27
Linda,Fraser,03-10-73,"Studio 12P, Shepherd dam, Port Reecemouth, TD03 5NW",28
Elizabeth,Evans,28-05-67,"Flat 26, Bell mount, Robertmouth, B81 5PR",29
Lisa,Carter,17-07-54,"Studio 6, Atkinson island, Johnview, G6H 8ZZ",30
Joe,Wallace,20-06-45,"Studio 2, Dobson pass, Mariamouth, CW0A 3NS",31
Garry,Johnson,29-03-82,"174 Sandra junction, Port Kimberley, L5E 9FR",32
Georgia,Jackson,02-03-83,"6 Reeves circle, Gregoryfort, W15 9XW",33
Dawn,Woods,22-11-93,"Flat 28, Danielle station, Clarkehaven, E3H 0GX",34
Jamie,O'Neill,30-05-73,"5 Scott hollow, Danielletown, G96 4NH",35
Lorraine,Stone,30-01-40,"Studio 49, Hutchinson tunnel, Jonesberg, W77 5DZ",36
Donald,Lyons,19-02-80,"Studio 41k, Alexandra roads, Chelseaville, NW1H 9WH",37
Trevor,Slater,20-05-06,"33 Cunningham place, Joanneshire, W0 6GS",38
Douglas,Green,08-07-47,"Flat 24, Carl inlet, Davieston, N2A 4RE",39
Garry,Patel,18-06-50,"9 Valerie pass, Wellsview, N7 1UA",40
Andrea,Robson,25-10-47,"96 Short roads, Port Patrick, NP2 8SX",41
Jasmine,Barber,11-10-56,"49 Bryant light, Juliaborough, M0C 4DR",42
Leonard,Shaw,11-09-62,"Studio 47r, Cheryl islands, Rhysmouth, N0T 0ZU",43
Suzanne,Bowen,19-07-00,"180 Davies knoll, Masonstad, DD01 5HT",44
Gail,Woodward,12-09-82,"433 Morgan camp, Valerieborough, L6 4YW",45
Katy,Hicks,20-11-57,"124 Zoe stream, Alextown, SK8W 8TA",46
Jane,Robertson,15-07-04,"Flat 80U, Anthony harbors, Kentmouth, S3 1YA",47
Frederick,Chapman,21-10-78,"107 Mann ramp, Tonybury, W3 0PW",48
Jasmine,Williams,07-01-47,"0 Gemma island, Port Scottton, BN49 1EB",49
Joanne,Green,13-12-89,"67 Shaw river, West Naomitown, NE59 1EA",50
Marion,Harvey,05-04-03,"Studio 7, Skinner dam, North Scottport, S8S 4YX",51
Dylan,Gibbs,11-08-73,"920 Kathleen viaduct, South Leighborough, L15 7TZ",52
Albert,Richards,25-12-90,"7 Olivia forges, Lake Francisbury, PR33 5RH",53
Mark,Ford,31-01-38,"73 Thomas burgs, East Glen, L42 8JG",54
Oliver,Brown,04-09-52,"34 Smith valleys, Ireneburgh, S1B 2HH",55
June,Sykes,13-04-67,"425 Alexander roads, Malcolmhaven, W3T 7ZD",56
Karen,Morley,08-03-97,"Studio 58S, Edwards park, Phillipsfurt, TQ9X 3JH",57
Stewart,Field,26-04-85,"Flat 81i, Bryan mills, Bernardshire, W8 6TT",58
Elliott,Sharpe,12-05-37,"Flat 41, Hutchinson hill, Port Martynbury, E1 0XH",59
Josh,Morris,09-05-71,"840 Bird key, Hardingshire, AL7X 6JJ",60
Georgia,Fox,17-10-97,"Flat 5, Anne trail, Kellymouth, B5C 4AU",61
Samantha,Pickering,23-11-88,"Studio 09, Bradley drives, Kirstyshire, IM36 8RH",62
Alison,Dawson,18-06-75,"8 Ryan views, Payneborough, S4 3NW",63
Maureen,Brown,21-06-78,"Flat 12, Jones cliff, Nolanborough, L46 2ZY",64
Lydia,Nicholls,13-06-61,"16 Kerry isle, Nichollsshire, E4 5NR",65
Antony,Lyons,20-10-92,"Studio 29g, Harrison cape, Port Charles, WS8 1HU",66
Martin,Mitchell,24-08-02,"Studio 2, Martin cape, Paynemouth, HR63 0AL",67
Danielle,Hall,26-03-45,"Flat 74, Ronald villages, New Oliverburgh, CM8 2DA",68
Sarah,Williamson,08-09-38,"Studio 08P, Janet spurs, Louiseton, B0U 3JQ",69
Emily,Day,24-12-35,"131 Mohammed cape, Lewismouth, NW3 8RS",70
Susan,Turnbull,15-01-36,"Flat 6, Clare forges, Lake Rickystad, E3 4ZU",71
Tony,Schofield,21-02-78,"25 Townsend brook, Palmerbury, B3A 4JS",72
Darren,Khan,15-11-01,"6 Jemma camp, Lake June, ST52 5BW",73
Bernard,Baker,31-01-79,"8 Rosie gateway, New Margaret, N2H 1UD",74
Malcolm,Green,24-10-61,"74 Joe gardens, Noblebury, GL9 3LU",75
Mohammed,Jones,12-07-91,"06 Davis trace, Marilynside, G46 4TN",76
Steven,Ross,11-11-97,"0 Donna stream, Abigailfurt, IV56 4YD",77
Anna,Marsden,18-05-93,"Studio 75, Naomi lights, Newmanbury, BD50 4ZT",78
Mandy,Whitehead,20-12-55,"6 Cole common, South Roger, EN48 9NS",79
Leigh,Bradley,12-08-70,"Studio 40k, Winter cliff, Whittakerport, KY2E 2FH",80
Barbara,Sullivan,06-12-62,"2 Garry well, Williamsville, DA1M 6EL",81
Damian,Jones,20-09-47,"09 Lewis forest, South Mandyhaven, LU7 9SP",82
Rebecca,King,03-07-85,"Flat 10D, Wood dam, New Adrianhaven, SN3 7ZU",83
Kim,Andrews,05-11-77,"Flat 5, Barnes oval, Coxland, KW7 6NZ",84
Leanne,Higgins,06-10-01,"Studio 87k, Nolan orchard, East Phillip, E16 2PR",85
Rosie,Jones,02-10-50,"Flat 5, Beverley trafficway, Lake Glennfurt, SW6X 3JL",86
Craig,Cook,10-08-59,"Flat 56, Graeme circle, Port Charlotte, HD52 1RA",87
Bryan,Smart,09-01-02,"420 Herbert spurs, West Dianashire, RG37 6BP",88
Antony,Baxter,28-04-87,"8 Haynes springs, Scottfurt, BS84 3XR",89
Alexander,Baker,20-05-75,"277 Bartlett fords, Port Dominic, SA0N 2RS",90
Susan,Simpson,12-06-58,"596 Teresa stravenue, Smithville, S74 6DT",91
Laura,Brown,14-11-49,"83 Kate ports, Robertsonville, G6H 4YF",92
Jeffrey,Stevenson,07-09-36,"Flat 8, Gavin shoals, East Juneburgh, W5 0FY",93
Douglas,Barton,06-10-38,"458 Mary shoals, East Cliffordton, M8H 9UP",94
Denise,Kelly,22-06-47,"3 Clifford walks, East Mandy, L9F 2ZS",95
Margaret,Brooks,23-03-56,"Flat 4, Singh divide, North Harriet, FK3Y 9WZ",96
Tracy,Lamb,07-09-67,"Flat 8, Lydia plaza, Collinsland, HP4 3LA",97
Stuart,Gill,22-10-50,"Studio 71, Harrison way, Lynnview, E0C 6GQ",98
Sophie,Jones,12-05-51,"822 Gemma port, Alexanderstad, TF3X 7GT",99
Martyn,Watson,06-11-04,"Studio 14A, Brady roads, North Shaneland, B14 0SW",100
Katherine,Richardson,17-06-06,"Flat 9, Thomas station, Campbellstad, B97 8JG",1
Jay,Watson,13-07-91,"Flat 51, Johnston gateway, West Cliffordfort, EX3 9RH",2
Marian,Baker,28-10-41,"754 Dean keys, South Owen, E6 3DW",3
Holly,Bailey,16-01-68,"Studio 5, Hargreaves falls, Raymondmouth, WC7E 5SA",4
Glen,Thomas,11-09-87,"Flat 2, Catherine shores, Terencechester, NR72 6WR",5
Malcolm,Bryan,18-01-02,"5 Stewart street, South Catherineport, LU1 3ZF",6
Leonard,Perkins,12-11-69,"Flat 71, Roy walk, East Trevor, S04 2SA",7
Jessica,Miles,15-09-75,"67 Denise meadow, West Jamieview, FY5 3PB",8
Irene,Morris,06-11-62,"Flat 91B, Howard overpass, Albertport, E0 5QQ",9
Christine,Smith,22-07-71,"Flat 1, Harriet summit, North Kateborough, W11 4UH",10
Alex,Fletcher,14-05-68,"Studio 1, Townsend manor, East Juneview, CO4A 3RU",11
Roger,Williams,24-04-03,"Studio 9, Martin alley, New Charlie, B8H 4JN",12
Ronald,Wilson,13-08-06,"Flat 2, Bennett groves, Lake Frederickborough, E0S 9QP",13
Michelle,Sutton,18-02-74,"053 Williamson brook, Lake Charlenefurt, EN9V 7JP",14
Dean,Williams,19-01-93,"17 Kelly ferry, East Shirley, SS24 4GG",15
Brian,Wilkins,12-01-92,"Studio 61U, James rapids, South Jacquelinetown, B0 3DL",16
Kenneth,Freeman,20-01-80,"7 Sharp inlet, Catherineberg, B84 0BE",17
Elizabeth,Sanders,11-07-64,"62 Lynch fork, Holmesville, DA13 4QD",18
Graham,Bowen,25-07-54,"Studio 59, Josephine manors, Lake Joyce, PR4 1LU",19
Paul,Taylor,25-03-54,"Flat 67, Bradley creek, Schofieldview, E52 6QP",20
Mandy,James,20-05-79,"68 Powell park, South Jake, S8K 1JQ",21
Nicole,Jones,06-03-52,"52 Nicholls village, Smithbury, G1 6AS",22
Liam,Jones,11-07-55,"21 Martin bridge, Burrowsburgh, SW28 7SP",23
Dean,Howard,15-05-38,"6 Davies wells, Naylorview, M3G 4DW",24
Marian,George,22-05-87,"775 Mason expressway, Port Christinechester, M11 5ZP",25
Joanna,Dean,03-11-62,"Flat 83, Cameron grove, New Annaton, W0A 1NA",26
Gordon,McLean,01-03-87,"156 Stephanie valley, North Kate, LS90 2FT",27
Gail,Lambert,01-12-55,"Flat 54, Johnson meadows, Lake Jillfurt, L99 2YU",28
Lorraine,Taylor,11-11-45,"52 Wade harbors, Jayland, G7 7LT",29
Holly,Thomas,03-01-73,"Studio 27, Lewis road, Karenland, KA8R 0ZB",30
Dean,Davis,22-07-73,"613 Cameron skyway, West Nataliemouth, NN7B 2ER",31
Hugh,Collins,07-08-80,"714 Thomas drives, Laneborough, OL0 0QS",32
Daniel,Watson,23-07-91,"Studio 21j, Henry lodge, West Alisonchester, L4C 1SP",33
Damien,Howarth,19-07-99,"659 West points, North Dorothy, G5S 0FT",34
Frances,Stevenson,11-11-04,"Flat 79, Alan forge, South Bethan, G9G 5HH",35
Julie,Brown,11-10-75,"Studio 76A, Parsons plains, Norrismouth, G7 5GX",36
Margaret,Kirby,16-07-93,"1 Francesca brook, Webbside, W8 4SH",37
Geoffrey,Chapman,27-11-97,"Studio 6, Bailey landing, New Glen, WS4 6JA",38
Carl,Pearson,17-08-04,"Flat 96, Suzanne lock, New Carly, WA09 2RG",39
Amanda,Wilson,11-03-51,"Studio 48k, Martin course, South Markshire, B98 9RA",40
Christian,Smith,06-03-64,"364 Henry corner, Lake Daniel, PA1B 9EE",41
Colin,Hamilton,09-03-83,"Flat 7, Amy cliffs, Schofieldland, S65 2GN",42
Ryan,Hardy,27-08-80,"Studio 98, Sam pike, Adrianborough, B8A 3QE",43
Gerald,Barlow,24-03-51,"Studio 3, Damien station, Jadefort, ML63 2HL",44
Graeme,Thompson,04-01-62,"Studio 6, Sharp road, New Jacquelinechester, N51 2BW",45
Rachael,Mason,14-03-06,"Flat 1, Brandon meadow, West Duncan, L5 2PE",46
Allan,Hall,05-10-77,"49 Kerry forge, New Rickyland, S6F 3HB",47
Henry,Oliver,20-11-50,"596 Melissa brooks, Jackshire, W4 6BX",48
Brian,Jones,28-06-90,"Flat 56f, Hughes causeway, Burnsmouth, WD15 0JB",49
Brandon,Taylor,17-04-93,"3 Sharp plain, Lake Leeview, E0 1LP",50
Amelia,Thompson,30-09-52,"5 Fiona vista, Toddville, L9H 4PU",51
Jake,Ingram,26-12-66,"7 Phillip bridge, South Emma, W15 9WW",52
Abbie,Dyer,30-08-02,"5 Simpson ways, Port Tracey, E46 4YE",53
Cameron,Brown,19-09-96,"Flat 7, Parsons crest, West Sharonborough, S86 0TL",54
Mary,O'Connor,13-10-59,"489 Joyce coves, Lake Frederickville, E00 3DX",55
Beth,Edwards,03-05-87,"4 Martin turnpike, West Kim, SO9 0EG",56
Charlene,Smith,19-11-76,"5 Sanders bridge, Rowetown, M12 9QU",57
Megan,Griffiths,13-05-36,"822 Oliver hollow, Alisonfort, HS8M 4QT",58
Maureen,Russell,02-12-99,"Studio 80j, Baxter shoals, West Jean, L9 5HD",59
Kayleigh,Davies,22-02-95,"Studio 55z, Harding harbor, Karlton, N9B 7YQ",60
Lydia,Kennedy,11-06-54,"74 Billy bridge, Thomasport, E0H 0SQ",61
Ashley,Dodd,20-07-72,"423 Grant common, Geraldton, HU36 6EL",62
Lynne,Williams,20-11-77,"26 Josh inlet, West Kirstymouth, G6U 1FW",63
Jade,Nixon,30-06-97,"Studio 0, Emily corners, New Josh, N29 0RF",64
Kelly,Bryant,09-07-45,"Studio 15M, Gregory port, Marshallton, B3 8UF",65
Thomas,Nelson,24-04-61,"2 Maria court, East Stuart, BB87 0EN",66
Janice,Smith,06-10-93,"Flat 02, Sylvia garden, New Beth, L7H 4EY",67
Emma,Harrison,09-08-48,"Studio 2, Glen mount, New Janettown, M0S 0QF",68
Sam,Evans,26-06-02,"Studio 86G, Clive shoal, West Abbie, OL5R 4NR",69
Lynda,Slater,31-12-02,"599 Jackson village, Townsendtown, CW3B 7UP",70
Clive,Wood,09-04-86,"9 Clark vista, South Karentown, N17 2YX",71
Jennifer,Davies,08-09-64,"83 Carole burg, East Joshuaberg, N6 5GW",72
Elaine,Knight,07-07-82,"66 Shirley common, Port Georgia, CB1 3BZ",73
Gregory,Woodward,18-03-68,"Flat 2, Tucker ports, Port Maureen, M6K 8EY",74
Declan,Oliver,15-04-61,"3 Bennett shore, East Valerieland, B5B 9ZD",75
Mathew,Wood,28-02-48,"Studio 35, Jones tunnel, North William, L8 0XU",76
Sharon,Harrison,30-09-52,"Flat 9, Parsons junctions, Bellbury, E90 6XY",77
Martin,George,07-09-93,"Flat 5, Foster gardens, Callumfurt, SE11 4XH",78
Josh,Howarth,31-10-73,"Flat 88g, Denis loop, Whiteborough, L48 1QF",79
Geoffrey,Brown,05-08-38,"Studio 64, Darren harbors, Hughesfurt, LA03 6GS",80
Joanna,Miller,15-07-37,"Studio 30, Wood road, Taylorton, S4 6YY",81
Margaret,Jones,03-06-66,"41 Joanna hill, Alexandrafurt, M5 4ZA",82
Arthur,Baker,26-05-94,"07 Sarah neck, South Kevin, E4K 1TG",83
Scott,Wilson,30-09-57,"1 Jeffrey spur, Jacksonton, L0T 4AQ",84
Bruce,Griffiths,29-12-02,"133 Tyler village, Hammondchester, CT0 9QP",85
Brenda,Holland,15-02-84,"Flat 90, Tina forest, Denisehaven, N3G 2RD",86
Beverley,Yates,24-11-90,"788 Saunders fields, Normanmouth, N37 1JT",87
Jay,Moore,27-05-44,"Studio 37, Wilson views, New Duncan, SK92 4PP",88
Leanne,Robinson,04-04-01,"02 Samantha greens, Reidberg, S0 1FW",89
Owen,Clarke,09-11-66,"59 Jordan cliffs, Lucychester, LD6M 2GY",90
Thomas,Wright,03-05-84,"Flat 72G, Curtis court, West Valerie, BL9 4PR",91
Rhys,Crawford,14-11-71,"42 Gerard harbor, Williamsburgh, EX9 3LF",92
Leslie,Day,29-05-39,"05 Lawrence ports, Chandlerhaven, W41 7SU",93
Aimee,Clark,20-02-82,"152 White roads, Lake Charlenemouth, S1 3XB",94
Kate,Patel,20-12-63,"Studio 2, Bradley street, Birdborough, WS1V 0SD",95
Carolyn,Williamson,28-11-90,"Studio 93O, Jones shoals, West Dale, SG7 6ZQ",96
Gerald,Clark,04-02-73,"Flat 36h, Gillian island, West Bethanfurt, CO7R 3AN",97
Benjamin,Moore,25-12-77,"Studio 6, Field green, West Daniellebury, RH0 7SJ",98
Kayleigh,Griffiths,13-11-78,"061 Walker trafficway, Lake Adamhaven, N83 8RJ",99
Amy,Stevens,06-11-67,"8 Donna locks, Thomasport, BB3 0LE",100
Mathew,Taylor,31-05-44,"Flat 0, Neil street, Chamberlainport, KW8 4LT",1
Megan,Patel,16-06-92,"84 Kirby squares, South Andrew, SS65 7JY",2
Lauren,Jones,28-10-48,"Flat 11, Gavin way, Wrightland, S97 0UL",3
Alan,Storey,29-04-89,"Studio 38Y, Kaur island, West Bethany, LS8V 1SD",4
Maria,Morris,13-08-56,"Flat 0, Hughes road, Davidsonside, JE04 6NL",5
Lynne,Brooks,04-04-53,"589 Jones fords, Barryburgh, W0F 2FU",6
Marc,Garner,30-05-96,"9 Wright cliff, Heatherside, N03 4SY",7
Sophie,McDonald,27-07-61,"3 Carpenter port, East Zoeshire, TD6N 9UH",8
George,Murray,08-12-53,"05 Lee dam, Fieldfort, GU8 3XR",9
Graeme,Bull,19-02-77,"4 Amanda points, Jonesview, CM8P 2AQ",10
Allan,Richards,28-12-59,"Flat 03, Evans fields, New Dylanmouth, N4 9LB",11
Samuel,Turner,08-06-68,"079 Jones mountains, North Laurentown, G2W 1SE",12
Lewis,Taylor,06-10-71,"52 Lewis shores, Fletcherton, L8 4DG",13
Joe,Holmes,12-09-89,"48 Hardy mountain, New Gillianland, E2 2PY",14
Charlie,Dawson,26-08-96,"32 Manning squares, Antonyview, N63 4HG",15
Colin,Jones,27-06-83,"Studio 20L, Bryan port, Lake Tracy, RM4 5WX",16
Rhys,Smith,25-08-97,"8 Alice dam, Foxstad, S9A 1QA",17
Tom,Miah,21-08-47,"Flat 27I, Daniel mill, Wrightchester, JE7H 5ZP",18
Donald,Miller,30-12-02,"Studio 4, Wright estates, West Jodie, NG3W 2PB",19
Clare,Frost,06-09-96,"2 Brookes ferry, Port Dennis, CA32 0UG",20
Joyce,North,02-12-62,"Studio 3, Charlotte crossroad, Aaronfurt, YO4 9RX",21
Richard,Morton,31-03-58,"Flat 58a, Austin rue, East Dawn, B34 1PR",22
Glen,Kemp,01-06-99,"Studio 2, Patricia springs, South Jakestad, SS1X 0GP",23
Joyce,Murphy,29-02-00,"Flat 4, Smith roads, New Barbarahaven, TF7 8QE",24
Jacqueline,Taylor,20-11-44,"94 Katherine via, Williamsmouth, BH1 7QB",25
Diane,Haynes,21-04-74,"Flat 45, Brown islands, Heatherton, E5T 8RJ",26
Malcolm,Wood,26-02-01,"Flat 79p, Thomas islands, Ianberg, E6J 5NS",27
Hilary,Reid,15-10-44,"9 Turner ridges, Lake Adam, OX7 6LG",28
Tracey,Walker,10-10-72,"30 Moss harbor, Bethanymouth, L3 5JD",29
Joan,Burton,28-09-78,"Studio 05, Newton view, Hayesfort, G64 0YD",30
Jake,Martin,28-01-06,"Flat 57R, Day road, New Jay, S6U 4XU",31
Gemma,Jenkins,21-10-50,"Flat 31, Carpenter estate, Waltonstad, S94 5EP",32
Eric,Taylor,06-05-01,"Studio 2, Tracey heights, New Albertmouth, DD1P 6SH",33
Ashley,John,04-07-02,"Flat 5, Mohammed port, Richardsonstad, S8 2TQ",34
Marc,Stanley,15-11-73,"9 Nicholls spur, Scottburgh, MK19 2JT",35
Jill,Davies,26-09-04,"Flat 6, Young plain, Lake Lyndaside, BB7R 4RB",36
Anne,Greenwood,07-02-48,"Studio 12, Ali junction, East Pamela, M15 7UJ",37
Charlene,Williams,18-04-95,"Studio 02, Zoe heights, East Laurenshire, SP4 2YN",38
Annette,Clarke,13-10-73,"Studio 30n, Bray bridge, Juliehaven, WR8P 9GQ",39
Terry,Norris,10-06-85,"727 Brown circles, Ericport, L24 3QU",40
Julian,Cox,24-06-83,"Studio 15G, Mathew plaza, Port Williammouth, L3E 3JT",41
Lynn,White,10-11-59,"403 Norman prairie, Hallside, N1 7ET",42
Joanna,Wright,23-04-00,"617 Joan valley, Chambersview, PH47 5WU",43
Stacey,Smith,19-06-71,"Flat 2, Bailey pass, Hughesburgh, S4 7PX",44
Dale,Dobson,16-04-02,"Studio 71, Murray fords, West Charles, S22 5WU",45
Bernard,Begum,27-03-98,"Flat 45, Norton island, Brookesshire, TA60 0SQ",46
Jack,Little,09-07-61,"Flat 50u, James islands, Port Robin, W4B 3GP",47
Jordan,Porter,01-02-87,"99 Howard centers, Martynside, LA4 7FD",48
Joan,Burns,20-03-61,"Flat 59, Randall viaduct, Hollietown, E55 3GP",49
Brett,Ryan,02-04-69,"1 Pugh valley, Robertshaven, N0 0WP",50
Beverley,Shepherd,18-02-43,"182 Marion mountain, Port Liam, KY4R 2PD",51
Debra,Porter,05-11-92,"Studio 40, Brown fork, Rachelberg, WF3 8TH",52
Carl,Barrett,07-03-54,"Flat 10, Scott plains, Brianmouth, DY3 4GS",53
Richard,Khan,31-10-93,"Flat 7, Jessica causeway, Williamsborough, S91 2WY",54
Rhys,O'Neill,25-07-00,"Studio 3, George union, Lesleyview, E7A 6SR",55
Dylan,Lee,31-01-93,"167 Henry stream, Jordanberg, G90 8FF",56
Jodie,Roberts,20-11-73,"Flat 62, Maureen drive, West Jamie, B73 6QL",57
Mohamed,Day,12-01-98,"08 Carter stravenue, East Oliver, N3 6DE",58
Chloe,Macdonald,04-02-34,"Studio 4, Brandon shoals, Jayneville, ME93 3WF",59
Neil,Edwards,02-06-72,"4 Katy hollow, Carolynmouth, PE8V 2PS",60
Emma,Mistry,06-12-60,"0 Shaun locks, Markshire, LS53 7HT",61
Terence,Morris,08-01-04,"Flat 45, Clements motorway, Lake Glennhaven, BR5 0XF",62
Trevor,Walton,30-03-74,"Flat 76J, Leanne falls, Perryhaven, G30 5WZ",63
Judith,Parker,24-07-06,"825 Oliver springs, Lake Ashleigh, L2J 3LB",64
Emily,Lawrence,10-09-97,"401 Walters skyway, Gavinland, S2 7GJ",65
Marie,O'Connor,08-09-81,"26 Fiona spring, East Louise, M50 8NW",66
Irene,Williams,29-12-50,"5 Wells canyon, Bullview, W6 7NJ",67
June,Taylor,02-11-66,"Studio 0, Leonard ville, Tonyhaven, KT4 1AE",68
Olivia,Quinn,12-01-93,"789 Jenkins ways, Thomasville, E9B 3QY",69
Simon,Ward,30-11-93,"60 Kirsty falls, Lake Hughville, KA0 4QQ",70
Anthony,Duncan,25-10-69,"856 Porter extensions, Baxtermouth, PO8 5NE",71
Brenda,Stephenson,04-05-59,"75 Forster lake, East Brandon, E3 8XN",72
Patricia,Hurst,01-05-44,"9 Davis drive, Staceystad, CR61 9YD",73
Duncan,French,06-04-71,"Flat 33, Chloe rue, East James, EH0 7SX",74
Christian,Baker,21-05-88,"Studio 54B, Hargreaves freeway, Sheilastad, G5 8YF",75
Terry,Webb,02-01-65,"49 Kelly river, Stephensonchester, G0 8BQ",76
Gary,Nolan,29-07-71,"976 Hannah forge, Gordonport, DY9 2XY",77
Sarah,Fox,31-08-43,"Studio 23p, Jeremy burgs, Briggsmouth, E6 6RU",78
Graeme,Evans,27-07-92,"Flat 2, Alexander forks, Eileenland, LD1 0ZB",79
Leslie,Winter,04-01-06,"64 Kirsty port, Brianburgh, W28 5EF",80
Chloe,Cole,26-02-58,"Flat 9, Shannon underpass, Port Graemeport, N2 1UH",81
Sandra,Murray,02-12-86,"815 Claire divide, Port Abigail, S05 7YE",82
Kerry,Moore,24-05-06,"52 Miller highway, Ahmedfurt, W0 1PX",83
Jean,Chambers,31-01-73,"1 Norman summit, Lake Terry, BL8A 4RH",84
Natasha,Barry,06-04-58,"1 Giles forges, Liamborough, DL99 0RH",85
Cameron,Knowles,05-01-79,"Flat 56, Dean divide, New Aimee, WS6 3LS",86
Gemma,White,15-10-59,"Studio 06, Bethan trafficway, Clarkebury, E1 7DG",87
Gail,Edwards,11-03-88,"Flat 94g, Hannah view, North Suzanne, DH28 7UE",88
Jeffrey,Short,04-03-43,"Studio 57, Angela ranch, Lake Stephanieborough, N09 2PL",89
Carly,George,20-09-85,"Studio 13, Teresa fields, Sylviamouth, W1 9WN",90
Elliott,George,11-11-42,"255 Gareth cove, North Margaret, B6 3BY",91
Alexandra,Berry,10-06-72,"Studio 37N, Ward roads, Jonesberg, NN53 4GR",92
Ann,Nelson,05-08-53,"Studio 8, Joanne crossroad, Gavinfurt, WV67 7RT",93
Aaron,Wood,09-01-62,"393 Hutchinson plaza, Patelport, S27 8TN",94
Marc,Brennan,30-04-55,"Flat 70, Emma port, West Gail, G6K 2SP",95
Guy,Morrison,18-03-06,"1 John wall, West Georgemouth, DH2 4DQ",96
Alice,Cook,05-11-57,"Flat 8, Derek estates, Iqbalchester, W43 2TE",97
Elaine,Lamb,13-03-57,"Studio 9, Lucy brooks, Mayshire, WV5 5DG",98
Kieran,Griffiths,29-10-60,"Studio 15M, Brown ramp, Chambersstad, DG8 8AU",99
Beth,Parkes,05-02-95,"Flat 4, Knowles isle, East Saratown, OX0M 3UR",100
