first_name,last_name,date_of_birth,hospital_id,address,modified_address
Kieran,Parkes,1958-06-13,35,"Badger’s Rest, The Ridge Avenue, Uttoxeter Rd, Derby DE22 3NE","Badger’s Rest, The Ridge Avenue, Uttoxeter Rd, Derby DE22 3YJ"
June,Kaur,1984-01-01,3,"Kingfisher Crescent Barn, Kingfisher Crescent Fold, Westminster Bridge Rd, London SE1 7EH","Kingfisher Crescent Barn, Kingfisher Crescent Fold, Westminster Bridge Rd, London SE1 7WL"
Lawrence,Brown,1964-06-11,4,"58 Elm Gardens, Dudley Rd, Birmingham B18 7QH","58 Elm Gardens, Dudley Rd, Birmingham B18 7ME"
Iain,Davies,1974-10-14,25,"Ash Tower, Ash Arcade, Blackshaw Rd, London SW17 0QT","Ash Tower, Ash Arcade, Blackshaw Rd, London SW17 0WX"
Adam,Clarke,1962-10-31,9,"Springvale, Deerpath Rise, Mindelsohn Way, Birmingham B15 2GW","Springvale, Deerpath Rise, Mindelsohn Way, Birmingham B15 2EA"
Reece,Graham,1983-03-13,32,"Ashcroft Barn, Ashcroft Fold, Foresterhill, Aberdeen AB25 2ZN","Ashcroft Barn, Ashcroft Fold, Foresterhill, Aberdeen AB25 2DK"
Lewis,Bevan,1963-06-03,26,"79 The Chase Terrace, Southmoor Rd, Manchester M23 9LT","79 The Chase Terrace, Southmoor Rd, Manchester M23 9LY"
Gerard,Hill,1992-03-22,9,"37 Fieldway Street, Mindelsohn Way, Birmingham B15 2GW","37 Fieldway Street, Mindelsohn Way, Birmingham B15 2UI"
Leah,Watson,1963-12-16,15,"Raven Lane Lodge, Raven Lane Crescent, Denmark Hill, London SE5 9RS","Raven Lane Lodge, Raven Lane Crescent, Denmark Hill, London SE5 9UH"
Joanne,Cooke,1998-09-20,34,"Flat 93, Greenwood Quay, Wigginton Rd, York YO31 8HE","Flat 93, Greenwood Quay, Wigginton Rd, York YO31 8SA"
Tracey,Gardner,1992-12-09,1,"Rowan Barn, Rowan Fold, Whitechapel Rd, London E1 1BB","Rowan Barn, Rowan Fold, Whitechapel Rd, London E1 1HY"
Janet,Preston,1981-12-14,36,"53 Poplar Gardens, Standing Way, Milton Keynes MK6 5LD","53 Poplar Gardens, Standing Way, Milton Keynes MK6 5HU"
Jayne,Lewis,1972-01-27,17,"Pondside Tower, Pondside Arcade, Upper Maudlin St, Bristol BS2 8HW","Pondside Tower, Pondside Arcade, Upper Maudlin St, Bristol BS2 8GO"
Glenn,Armstrong,1986-09-18,35,"4 Bridge End Gardens, Uttoxeter Rd, Derby DE22 3NE","4 Bridge End Gardens, Uttoxeter Rd, Derby DE22 3IN"
Marcus,Harris,1996-12-11,37,"Hillside, Brook Rise, Southmead Rd, Bristol BS10 5NB","Hillside, Brook Rise, Southmead Rd, Bristol BS10 5MC"
Christopher,Little,1979-12-07,30,"Badger’s Rest Lodge, Elm Hill, Mandeville Rd, Aylesbury HP21 8AL","Badger’s Rest Lodge, Elm Hill, Mandeville Rd, Aylesbury HP21 8KN"
Jayne,Simpson,1981-01-16,20,"74-149 Oak Boulevard, Derby Rd, Nottingham NG7 2UH","74-149 Oak Boulevard, Derby Rd, Nottingham NG7 2TB"
Marian,Davidson,1997-04-25,19,"Hawthorn Hall, Hawthorn Square, Dundee DD2 1SY","Hawthorn Hall, Hawthorn Square, Dundee DD2 1PC"
Frederick,Mann,1979-11-11,9,"52 Winding Lane Parade, Mindelsohn Way, Birmingham B15 2GW","52 Winding Lane Parade, Mindelsohn Way, Birmingham B15 2YG"
Max,Knight,1955-10-31,38,"85 Raven Lane Terrace, Lewes Rd, Haywards Heath RH16 4EX","85 Raven Lane Terrace, Lewes Rd, Haywards Heath RH16 4FU"
Jason,Roberts,1960-11-27,30,"83 Willow Terrace, Mandeville Rd, Aylesbury HP21 8AL","83 Willow Terrace, Mandeville Rd, Aylesbury HP21 8IG"
Lawrence,Curtis,1962-09-09,24,"Apartment 3, The Ridge Mews, Eastern Rd, Brighton BN2 5BE","Apartment 3, The Ridge Mews, Eastern Rd, Brighton BN2 5KY"
Richard,Patel,1970-05-15,24,"Chestnut Mill, Chestnut Bridge, Eastern Rd, Brighton BN2 5BE","Chestnut Mill, Chestnut Bridge, Eastern Rd, Brighton BN2 5EO"
Nigel,James,1975-11-17,22,"82 Ash View, Freeman Rd, Newcastle NE7 7DN","82 Ash View, Freeman Rd, Newcastle NE7 7AZ"
Reece,Jones,1973-12-20,22,"Flat 90, Stonemason’s Row Apartments, Freeman Rd, Newcastle NE7 7DN","Flat 90, Stonemason’s Row Apartments, Freeman Rd, Newcastle NE7 7KX"
Maurice,Hall,1993-11-23,3,"91 The The Chase Walk, Westminster Bridge Rd, London SE1 7EH","91 The The Chase Walk, Westminster Bridge Rd, London SE1 7YP"
Kelly,Cook,1991-04-04,27,"12 The Ashcroft Path, Heol Maes Eglwys, Swansea SA6 6NL","12 The Ashcroft Path, Heol Maes Eglwys, Swansea SA6 6MC"
Caroline,Knight,1986-12-12,13,"The Laurels, Bramble Rise, Fulham Palace Rd, London W6 8RF","The Laurels, Bramble Rise, Fulham Palace Rd, London W6 8SB"
Sally,Nelson,1974-06-29,8,"68 Pondside Street, Queen Victoria Rd, Newcastle NE1 4LP","68 Pondside Street, Queen Victoria Rd, Newcastle NE1 4TV"
Sara,Smith,1983-09-16,19,"67 Brook Gardens, Dundee DD2 1SY","67 Brook Gardens, Dundee DD2 1ZJ"
Lesley,Yates,1981-03-16,18,"52 Thornhill Gardens, Crewe Rd S, Edinburgh EH4 2XU","52 Thornhill Gardens, Crewe Rd S, Edinburgh EH4 2MD"
Dylan,Johnston,1972-05-10,14,"Ivy House Lodge, Oak Hill, Headley Way, Oxford OX3 9DU","Ivy House Lodge, Oak Hill, Headley Way, Oxford OX3 9OH"
Bethany,Johnston,1978-12-17,35,"Flat 59, Elm Court, Uttoxeter Rd, Derby DE22 3NE","Flat 59, Elm Court, Uttoxeter Rd, Derby DE22 3PS"
Albert,Jones,1999-04-01,38,"Apartment 85, Fieldway Mews, Lewes Rd, Haywards Heath RH16 4EX","Apartment 85, Fieldway Mews, Lewes Rd, Haywards Heath RH16 4XR"
Gregory,Lane,1967-08-12,22,"Willow Barn, Willow Fold, Freeman Rd, Newcastle NE7 7DN","Willow Barn, Willow Fold, Freeman Rd, Newcastle NE7 7ZS"
Irene,Wright,1963-04-11,11,"Rowan Mill, Rowan Bridge, Great George St, Leeds LS1 3EX","Rowan Mill, Rowan Bridge, Great George St, Leeds LS1 3AW"
Chloe,Law,1973-09-15,12,"34 Buttercup Close View, Great Maze Pond, London SE1 9RT","34 Buttercup Close View, Great Maze Pond, London SE1 9EZ"
Mandy,White,1975-08-17,9,"65 Fieldway Street, Mindelsohn Way, Birmingham B15 2GW","65 Fieldway Street, Mindelsohn Way, Birmingham B15 2OS"
Lewis,Fletcher,1971-10-24,10,"Hazel Villa, Hazel Grove, Colney Ln, Norwich NR4 7UY","Hazel Villa, Hazel Grove, Colney Ln, Norwich NR4 7EI"
Roy,Yates,1980-12-26,6,"Rowan Barn, Rowan Fold, Great Ormond St, London WC1N 3JH","Rowan Barn, Rowan Fold, Great Ormond St, London WC1N 3LH"
Henry,Lewis,1975-10-14,12,"Greenwood Manor, Greenwood Way, Great Maze Pond, London SE1 9RT","Greenwood Manor, Greenwood Way, Great Maze Pond, London SE1 9VQ"
Eleanor,Finch,1963-11-13,18,"20 Poplar Terrace, Crewe Rd S, Edinburgh EH4 2XU","20 Poplar Terrace, Crewe Rd S, Edinburgh EH4 2OJ"
Simon,Webb,1998-09-12,8,"66 Church Lane Street, Queen Victoria Rd, Newcastle NE1 4LP","66 Church Lane Street, Queen Victoria Rd, Newcastle NE1 4UL"
Robin,Jones,1989-07-11,27,"78 Meadow Street, Heol Maes Eglwys, Swansea SA6 6NL","78 Meadow Street, Heol Maes Eglwys, Swansea SA6 6OX"
Rosie,O'Connor,1985-06-28,21,"Winding Lane Mill, Winding Lane Bridge, Pond St, London NW3 2QG","Winding Lane Mill, Winding Lane Bridge, Pond St, London NW3 2OR"
Philip,Walters,1998-11-01,2,"39 Maple Terrace, Oxford Rd, Manchester M13 9WL","39 Maple Terrace, Oxford Rd, Manchester M13 9VF"
Kieran,Ford,1986-08-14,14,"Buttercup Close Villa, Buttercup Close Grove, Headley Way, Oxford OX3 9DU","Buttercup Close Villa, Buttercup Close Grove, Headley Way, Oxford OX3 9HG"
Vanessa,Brennan,1966-11-15,5,"Mill Road Cottage, Mill Road Road, Hills Rd, Cambridge CB2 0QQ","Mill Road Cottage, Mill Road Road, Hills Rd, Cambridge CB2 0VD"
Jasmine,Frost,1999-08-29,13,"61 Market Street Street, Fulham Palace Rd, London W6 8RF","61 Market Street Street, Fulham Palace Rd, London W6 8BS"
Gail,Hammond,1998-05-13,32,"Sunnybank House, Brook Lane, Foresterhill, Aberdeen AB25 2ZN","Sunnybank House, Brook Lane, Foresterhill, Aberdeen AB25 2FR"
Caroline,Bond,1982-04-14,7,"Springvale, Poplar Rise, Tremona Rd, Southampton SO16 6YD","Springvale, Poplar Rise, Tremona Rd, Southampton SO16 6HE"
Rebecca,Wheeler,1957-01-31,8,"Flat 75, The Chase Apartments, Queen Victoria Rd, Newcastle NE1 4LP","Flat 75, The Chase Apartments, Queen Victoria Rd, Newcastle NE1 4YR"
Rebecca,Nicholls,1974-06-08,25,"22 Meadow Parade, Blackshaw Rd, London SW17 0QT","22 Meadow Parade, Blackshaw Rd, London SW17 0QW"
Gordon,Wright,1988-04-24,23,"Rose Cottage, Church Lane Rise, Castle St, Glasgow G4 0SF","Rose Cottage, Church Lane Rise, Castle St, Glasgow G4 0XA"
Alexandra,Richardson,1978-11-30,10,"Springvale, Greenwood Rise, Colney Ln, Norwich NR4 7UY","Springvale, Greenwood Rise, Colney Ln, Norwich NR4 7VS"
Geraldine,Brown,1973-04-29,13,"Hilltop Road Hall, Hilltop Road Square, Fulham Palace Rd, London W6 8RF","Hilltop Road Hall, Hilltop Road Square, Fulham Palace Rd, London W6 8IC"
Emma,Brooks,1995-06-05,36,"Oak Villa, Oak Grove, Standing Way, Milton Keynes MK6 5LD","Oak Villa, Oak Grove, Standing Way, Milton Keynes MK6 5XG"
Marcus,Hart,1958-08-10,28,"Apartment 22, Hedgehog Close Mews, Derriford Rd, Plymouth PL6 8DH","Apartment 22, Hedgehog Close Mews, Derriford Rd, Plymouth PL6 8ZW"
Philip,Cooper,1997-03-18,37,"54 Hazel Wharf, Southmead Rd, Bristol BS10 5NB","54 Hazel Wharf, Southmead Rd, Bristol BS10 5NO"
Henry,Cooke,1982-09-25,1,"Badger Street Barn, Badger Street Fold, Whitechapel Rd, London E1 1BB","Badger Street Barn, Badger Street Fold, Whitechapel Rd, London E1 1TB"
Andrea,Mitchell,1970-10-01,31,"68 Poplar View, Marton Rd, Middlesbrough TS4 3BW","68 Poplar View, Marton Rd, Middlesbrough TS4 3CP"
Simon,Middleton,1992-02-16,12,"92 Hilltop Road Wharf, Great Maze Pond, London SE1 9RT","92 Hilltop Road Wharf, Great Maze Pond, London SE1 9KT"
Gordon,Mistry,1990-02-16,19,"The Gables, Stonemason’s Row Rise, Dundee DD2 1SY","The Gables, Stonemason’s Row Rise, Dundee DD2 1OY"
Michael,Scott,1986-05-19,26,"Moonlit Cottage, Winding Lane Avenue, Southmoor Rd, Manchester M23 9LT","Moonlit Cottage, Winding Lane Avenue, Southmoor Rd, Manchester M23 9IT"
Leigh,Lynch,1992-10-29,33,"34 Stonemason’s Row Street, Govan Rd, Glasgow G51 4TF","34 Stonemason’s Row Street, Govan Rd, Glasgow G51 4QO"
Victor,Evans,1965-03-01,27,"High Street Tower, High Street Arcade, Heol Maes Eglwys, Swansea SA6 6NL","High Street Tower, High Street Arcade, Heol Maes Eglwys, Swansea SA6 6KL"
Craig,Green,1959-12-16,37,"89 Beech Row, Southmead Rd, Bristol BS10 5NB","89 Beech Row, Southmead Rd, Bristol BS10 5DB"
Jessica,Brown,1963-02-28,38,"The Old Forge, Maple Avenue, Lewes Rd, Haywards Heath RH16 4EX","The Old Forge, Maple Avenue, Lewes Rd, Haywards Heath RH16 4BX"
Paige,Thomas,1993-07-01,6,"Ivy House Lodge, Willow Hill, Great Ormond St, London WC1N 3JH","Ivy House Lodge, Willow Hill, Great Ormond St, London WC1N 3DQ"
Vincent,Saunders,1956-05-22,15,"The Stables, Winding Lane Avenue, Denmark Hill, London SE5 9RS","The Stables, Winding Lane Avenue, Denmark Hill, London SE5 9LQ"
Ben,Cook,1994-11-18,31,"1 Buttercup Close Close, Marton Rd, Middlesbrough TS4 3BW","1 Buttercup Close Close, Marton Rd, Middlesbrough TS4 3ML"
Sheila,Gardiner,1974-11-06,7,"The Old Rectory, Hilltop Road Avenue, Tremona Rd, Southampton SO16 6YD","The Old Rectory, Hilltop Road Avenue, Tremona Rd, Southampton SO16 6QM"
Abigail,Gardiner,1966-01-29,16,"The White Hart, Hawthorn Hill, Anlaby Rd, Hull HU3 2JZ","The White Hart, Hawthorn Hill, Anlaby Rd, Hull HU3 2JT"
Lucy,Norris,1977-05-03,32,"High Street Lodge, High Street Crescent, Foresterhill, Aberdeen AB25 2ZN","High Street Lodge, High Street Crescent, Foresterhill, Aberdeen AB25 2IT"
Claire,Cross,1974-10-30,34,"28 Greenwood Row, Wigginton Rd, York YO31 8HE","28 Greenwood Row, Wigginton Rd, York YO31 8AX"
Jasmine,Williams,1967-08-13,1,"The White Hart, Kingfisher Crescent Hill, Whitechapel Rd, London E1 1BB","The White Hart, Kingfisher Crescent Hill, Whitechapel Rd, London E1 1HR"
Lynn,Collier,1977-08-10,2,"23 The Poplar Walk, Oxford Rd, Manchester M13 9WL","23 The Poplar Walk, Oxford Rd, Manchester M13 9LR"
Julie,Smith,1991-01-23,20,"Oak Barn, Oak Fold, Derby Rd, Nottingham NG7 2UH","Oak Barn, Oak Fold, Derby Rd, Nottingham NG7 2PV"
Tracey,Robson,1956-08-14,14,"Sparrow Walk Villa, Sparrow Walk Grove, Headley Way, Oxford OX3 9DU","Sparrow Walk Villa, Sparrow Walk Grove, Headley Way, Oxford OX3 9RM"
Philip,Stephenson,1971-10-01,23,"24 Fieldway Street, Castle St, Glasgow G4 0SF","24 Fieldway Street, Castle St, Glasgow G4 0MQ"
Carl,James,1983-08-14,29,"35 The Church Lane Walk, Haslingden Rd, Blackburn BB2 3HH","35 The Church Lane Walk, Haslingden Rd, Blackburn BB2 3CP"
Paige,Barker,1966-07-04,31,"The White Hart, Fieldway Avenue, Marton Rd, Middlesbrough TS4 3BW","The White Hart, Fieldway Avenue, Marton Rd, Middlesbrough TS4 3HW"
Arthur,Morris,1986-11-18,1,"Rowan Barn, Rowan Fold, Whitechapel Rd, London E1 1BB","Rowan Barn, Rowan Fold, Whitechapel Rd, London E1 1UA"
Raymond,Green,1987-11-28,26,"Sunnybank, Beech Rise, Southmoor Rd, Manchester M23 9LT","Sunnybank, Beech Rise, Southmoor Rd, Manchester M23 9VI"
Rita,Smith,1995-01-24,27,"Sparrow Walk Lodge, Sparrow Walk Crescent, Heol Maes Eglwys, Swansea SA6 6NL","Sparrow Walk Lodge, Sparrow Walk Crescent, Heol Maes Eglwys, Swansea SA6 6WW"
Sandra,Pearson,1966-04-02,21,"Flat 43, Ash Court, Pond St, London NW3 2QG","Flat 43, Ash Court, Pond St, London NW3 2CR"
Bryan,Jones,1955-07-24,38,"34-124 Beech Boulevard, Lewes Rd, Haywards Heath RH16 4EX","34-124 Beech Boulevard, Lewes Rd, Haywards Heath RH16 4AL"
Janice,Reid,1986-06-10,4,"Deerpath Lodge, Deerpath Crescent, Dudley Rd, Birmingham B18 7QH","Deerpath Lodge, Deerpath Crescent, Dudley Rd, Birmingham B18 7KF"
Gerard,Ali,1984-07-17,36,"Hilltop Road Manor, Hilltop Road Way, Standing Way, Milton Keynes MK6 5LD","Hilltop Road Manor, Hilltop Road Way, Standing Way, Milton Keynes MK6 5NW"
Lisa,Bennett,1969-03-05,25,"Beech Manor, Beech Way, Blackshaw Rd, London SW17 0QT","Beech Manor, Beech Way, Blackshaw Rd, London SW17 0LP"
Richard,Sanders,1981-04-28,11,"95-375 Poplar Boulevard, Great George St, Leeds LS1 3EX","95-375 Poplar Boulevard, Great George St, Leeds LS1 3PF"
Melissa,Perkins,1975-06-02,28,"38 Church Lane View, Derriford Rd, Plymouth PL6 8DH","38 Church Lane View, Derriford Rd, Plymouth PL6 8KX"
Debra,Griffiths,1961-11-02,17,"Apartment 69, Deerpath Mews, Upper Maudlin St, Bristol BS2 8HW","Apartment 69, Deerpath Mews, Upper Maudlin St, Bristol BS2 8NX"
Eileen,Hewitt,1996-04-05,20,"Kingfisher Crescent Cottage, Kingfisher Crescent Road, Derby Rd, Nottingham NG7 2UH","Kingfisher Crescent Cottage, Kingfisher Crescent Road, Derby Rd, Nottingham NG7 2PC"
Georgia,Barlow,1983-02-06,13,"Stonelake Lodge, Hedgehog Close Hill, Fulham Palace Rd, London W6 8RF","Stonelake Lodge, Hedgehog Close Hill, Fulham Palace Rd, London W6 8QN"
Lauren,White,1985-03-19,16,"Ivy House, Oak Avenue, Anlaby Rd, Hull HU3 2JZ","Ivy House, Oak Avenue, Anlaby Rd, Hull HU3 2RF"
Maurice,Roberts,1961-10-09,29,"The Ridge Cottage, The Ridge Road, Haslingden Rd, Blackburn BB2 3HH","The Ridge Cottage, The Ridge Road, Haslingden Rd, Blackburn BB2 3QQ"
Charles,Bradley,1981-05-31,33,"Rosemere, Fox Lane Rise, Govan Rd, Glasgow G51 4TF","Rosemere, Fox Lane Rise, Govan Rd, Glasgow G51 4BM"
Stuart,Kemp,1997-08-06,29,"27 Greenwood Close, Haslingden Rd, Blackburn BB2 3HH","27 Greenwood Close, Haslingden Rd, Blackburn BB2 3LE"
Rachel,Parkinson,1958-07-31,5,"91 Deerpath Row, Hills Rd, Cambridge CB2 0QQ","91 Deerpath Row, Hills Rd, Cambridge CB2 0XO"
